CustomerID,Recency,Frequency,AOV,LTV,Predicted_LTV,LTV_Segment
1,5,2,150.0,300,299.9999,Medium
2,1,2,100.0,200,399.99896,High
3,4,1,80.0,80,80.00092,Low
4,3,1,90.0,90,90.000145,Low
5,0,2,200.0,400,399.99896,High
